{"birds": [{"fitness": 737.8000000000992, "brain": {"layer_sizes": [4, 6, 1], "weights": [[[2.2035114238904057, 2.2845500618256764, 0.4194897379025735, -1.5896262377618553], [4.439985889928738, 1.6343084936076302, 3.086163297770786, 0.892320164756722], [-1.9272902041833397, 0.6580069959596939, 1.1722160960971837, 1.5669981147529557], [-1.6814828726220283, 2.1304264787694, 2.2460776951066217, 4.076284609099755], [0.5769742250310879, -0.4578309169133692, 1.0996328112246783, -2.216596099310392], [3.691975432277985, -0.5765220098815518, 0.38455701522418084, -1.5532057984959615]], [[2.2572815366025294, -0.28111554294794805, 1.019737575033189, -1.9611012784815791, 3.212305850590107, 1.5679722391234727]]], "biases": [[[-2.699892818990268], [-0.8206128982356601], [-3.2392594691489434], [-1.2379138192304289], [-2.0228389903026263], [-2.416135190420575]], [[0.8332166006657528]]]}}, {"fitness": 737.8000000000992, "brain": {"layer_sizes": [4, 6, 1], "weights": [[[2.2035114238904057, 2.2845500618256764, 0.4194897379025735, -1.5896262377618553], [4.439985889928738, 1.5647659146421184, 3.086163297770786, 0.892320164756722], [-2.7554895892167215, 0.6580069959596939, 1.1722160960971837, 1.5669981147529557], [-1.7754827393971262, 2.1304264787694, 2.2460776951066217, 4.076284609099755], [0.5769742250310879, -1.9269322172316232, 1.0996328112246783, -2.216596099310392], [3.691975432277985, -0.5765220098815518, 0.38455701522418084, -1.5532057984959615]], [[2.2572815366025294, -0.5473206853753643, 1.019737575033189, -1.9611012784815791, 3.212305850590107, 1.5679722391234727]]], "biases": [[[-2.699892818990268], [-0.8206128982356601], [-3.2392594691489434], [-1.2379138192304289], [-2.0228389903026263], [-2.416135190420575]], [[1.0318965629467631]]]}}, {"fitness": 737.8000000000992, "brain": {"layer_sizes": [4, 6, 1], "weights": [[[2.509822651757101, 2.2845500618256764, 0.9353463343702234, -1.5896262377618553], [4.439985889928738, 1.6343084936076302, 3.086163297770786, 0.892320164756722], [-2.437109746642173, 0.6580069959596939, 1.86491703010994, 1.5669981147529557], [-0.04532719894765913, 2.6671527519043066, 2.2460776951066217, 4.076284609099755], [0.5769742250310879, -0.4578309169133692, 1.0996328112246783, -2.216596099310392], [5.059695978681278, -1.312473566880252, 0.38455701522418084, -1.5532057984959615]], [[2.2572815366025294, -0.28111554294794805, 1.019737575033189, -1.9611012784815791, 3.212305850590107, 1.5679722391234727]]], "biases": [[[-2.699892818990268], [-0.8206128982356601], [-3.2392594691489434], [-1.2379138192304289], [-2.0228389903026263], [-2.416135190420575]], [[0.8332166006657528]]]}}, {"fitness": 737.8000000000992, "brain": {"layer_sizes": [4, 6, 1], "weights": [[[2.2035114238904057, 2.2845500618256764, 0.4194897379025735, -1.5896262377618553], [3.825108847910851, 1.6343084936076302, 3.086163297770786, 0.892320164756722], [-2.9010303565674866, 0.6580069959596939, 1.1722160960971837, 1.5669981147529557], [-1.6814828726220283, 2.1304264787694, 2.2460776951066217, 4.076284609099755], [0.5769742250310879, -0.4578309169133692, -0.25340947499557287, -3.3636864116347374], [3.691975432277985, -0.5765220098815518, 0.38455701522418084, -1.5532057984959615]], [[2.2572815366025294, -0.28111554294794805, 2.0136377824190057, -1.9611012784815791, 3.212305850590107, 1.5679722391234727]]], "biases": [[[-2.699892818990268], [-0.6574523413027451], [-3.2392594691489434], [-1.2379138192304289], [-1.801632255789551], [-2.416135190420575]], [[0.8332166006657528]]]}}, {"fitness": 737.8000000000992, "brain": {"layer_sizes": [4, 6, 1], "weights": [[[2.2035114238904057, 2.2845500618256764, 0.4194897379025735, -1.5896262377618553], [4.439985889928738, 2.5533183004569997, 3.086163297770786, 0.892320164756722], [-1.9272902041833397, 0.6580069959596939, 0.3272462914418309, 0.8850734262943085], [-2.271349215260712, 3.94362892452801, 2.2460776951066217, 4.076284609099755], [0.5769742250310879, -0.4578309169133692, 1.0996328112246783, -2.216596099310392], [3.691975432277985, -0.5765220098815518, 0.38455701522418084, -1.5532057984959615]], [[2.2572815366025294, -0.28111554294794805, 1.019737575033189, -1.9611012784815791, 3.212305850590107, 1.5679722391234727]]], "biases": [[[-1.695543515200897], [-0.8914163829214166], [-3.2392594691489434], [-1.3204721041220455], [-2.0228389903026263], [-2.416135190420575]], [[0.8332166006657528]]]}}, {"fitness": 737.8000000000992, "brain": {"layer_sizes": [4, 6, 1], "weights": [[[2.6529588997377314, 2.2845500618256764, 1.6483974764444613, -1.5896262377618553], [4.439985889928738, 1.6343084936076302, 3.086163297770786, 0.892320164756722], [-1.9272902041833397, 0.6580069959596939, 1.1722160960971837, 3.4624841427116975], [-1.6814828726220283, 2.1304264787694, 2.2460776951066217, 4.076284609099755], [0.5769742250310879, -0.4578309169133692, 2.160873667443477, -2.216596099310392], [3.691975432277985, -0.5765220098815518, 0.38455701522418084, -1.5532057984959615]], [[2.2572815366025294, -0.28111554294794805, 1.019737575033189, -1.9611012784815791, 2.973477825071904, 2.9214556803205087]]], "biases": [[[-4.230091681538425], [-0.8206128982356601], [-3.2392594691489434], [-1.2379138192304289], [-2.0228389903026263], [-2.5174113997705665]], [[-0.13862834035099514]]]}}, {"fitness": 737.8000000000992, "brain": {"layer_sizes": [4, 6, 1], "weights": [[[2.2035114238904057, 2.2845500618256764, 0.4194897379025735, -1.5896262377618553], [4.439985889928738, 2.9413473974569992, 3.086163297770786, 0.892320164756722], [-1.9272902041833397, 0.6580069959596939, 1.1722160960971837, 1.5669981147529557], [-1.0575577600307935, 2.1304264787694, 2.2460776951066217, 4.076284609099755], [0.5769742250310879, -1.8954045428888109, 1.0996328112246783, -1.3311901207382761], [3.691975432277985, -0.5765220098815518, 0.38455701522418084, -1.5532057984959615]], [[2.2572815366025294, -0.28111554294794805, 1.019737575033189, -1.9611012784815791, 3.212305850590107, 1.5679722391234727]]], "biases": [[[-2.699892818990268], [-0.8206128982356601], [-3.2392594691489434], [-1.2379138192304289], [-1.969772995301893], [-2.416135190420575]], [[0.8332166006657528]]]}}, {"fitness": 737.8000000000992, "brain": {"layer_sizes": [4, 6, 1], "weights": [[[1.8838849455601854, 2.2845500618256764, 0.4194897379025735, -1.5896262377618553], [3.9147036247523195, 1.6343084936076302, 3.086163297770786, 0.892320164756722], [-1.9272902041833397, 1.9114639027041773, 1.1722160960971837, 1.8333517706653977], [-1.6814828726220283, 2.1304264787694, 2.2460776951066217, 4.076284609099755], [0.5769742250310879, -0.4578309169133692, 1.0996328112246783, -2.216596099310392], [4.484747913381621, -0.5765220098815518, 0.38455701522418084, -1.7468608770833995]], [[2.2572815366025294, -0.2905331889685798, 1.321468432148205, -1.9611012784815791, 3.212305850590107, 1.6252209697915236]]], "biases": [[[-2.699892818990268], [-0.03181763241422986], [-3.2392594691489434], [-1.2379138192304289], [-2.0228389903026263], [-2.416135190420575]], [[0.8332166006657528]]]}}, {"fitness": 189.7999999999935, "brain": {"layer_sizes": [4, 6, 1], "weights": [[[2.2035114238904057, 2.2845500618256764, 0.4194897379025735, -1.5059115354702883], [4.439985889928738, 1.6343084936076302, 3.086163297770786, 0.892320164756722], [-2.4354799736125665, 0.6580069959596939, 1.1722160960971837, 1.5669981147529557], [-1.6814828726220283, 2.1304264787694, 2.2460776951066217, 4.076284609099755], [0.5769742250310879, -0.4578309169133692, 0.9402237627914269, -2.216596099310392], [3.691975432277985, -0.5765220098815518, 0.38455701522418084, -1.5532057984959615]], [[2.2572815366025294, -0.28111554294794805, 1.019737575033189, -3.0703898611988665, 3.212305850590107, 1.1197624589945594]]], "biases": [[[-3.6178635395529453], [-0.8206128982356601], [-3.2392594691489434], [-1.2379138192304289], [-2.0228389903026263], [-2.416135190420575]], [[0.8332166006657528]]]}}, {"fitness": 190.09999999999349, "brain": {"layer_sizes": [4, 6, 1],