{"birds": [{"fitness": 13.09999999999997, "brain": {"layer_sizes": [4, 6, 1], "weights": [[[2.227316427432325, 2.2845500618256764, 1.7131480406295831, 0.5993209550540489], [4.439985889928738, -1.2322715025498328, -0.24730553122205423, 0.675077365744238], [-1.7309107196615265, 0.6580069959596939, 2.6493777626467905, 0.6685209998108113], [-0.2031688300591804, 1.1262297406466804, 2.3431235860851842, 2.020581060088887], [-0.15797555014071343, -1.5064472078820783, -0.2005825215040663, -0.5061332739027702], [2.5058676330167993, -0.3351552453990939, 0.38455701522418084, -1.5532057984959615]], [[2.200005030742342, 0.06409925551488638, 1.019737575033189, -3.336659014325339, 1.993506749627391, 0.667341018651725]]], "biases": [[[-2.699892818990268], [-0.8206128982356601], [-3.2392594691489434], [-1.082442748942114], [-2.0228389903026263], [-0.4485637961043166]], [[0.8332166006657528]]]}}, {"fitness": 3.1000000000000014, "brain": {"layer_sizes": [4, 6, 1], "weights": [[[1.796336950668275, 2.2845500618256764, 1.7131480406295831, 0.6015846771240269], [4.439985889928738, -1.2804153457832723, -0.24730553122205423, 0.675077365744238], [-1.7309107196615265, 1.0159190392392794, 2.6493777626467905, 0.6685209998108113], [-0.8751595243777268, -0.3279889559723237, 1.787464185907655, 2.020581060088887], [-1.030862163906754, -1.5064472078820783, -0.2005825215040663, -0.5061332739027702], [2.5058676330167993, -0.3351552453990939, 0.9653057181898445, -1.5532057984959615]], [[1.6407756254395314, -2.0535749187589296, -0.6548993917761279, -2.512085688090953, 2.7059461521572254, 1.1165509927134285]]], "biases": [[[-1.1055626560272391], [-0.8206128982356601], [-3.7517341634836203], [-1.082442748942114], [-3.440495906498379], [-0.4485637961043166]], [[0.9183490887647666]]]}}, {"fitness": 3.1000000000000014, "brain": {"layer_sizes": [4, 6, 1], "weights": [[[2.227316427432325, 2.497957176482025, 1.7131480406295831, 0.07118300171329217], [4.439985889928738, -1.2322715025498328, -0.24730553122205423, 2.6354225664580118], [-1.8839980646894323, 0.9506074274069729, 2.3001944217994197, 0.6685209998108113], [-0.2031688300591804, 1.1262297406466804, 2.3431235860851842, 0.8354279949383145], [-1.194113956860784, -1.5064472078820783, -0.7446675116644701, -0.5061332739027702], [3.1081587591358315, -1.1539561563588752, 0.38455701522418084, -1.69747446089083]], [[3.6251168308796595, -1.2356757617788703, 1.9775540683274877, -3.336659014325339, 1.993506749627391, -0.0013389389386344597]]], "biases": [[[-2.25951542769534], [-1.0930928111189444], [-3.2392594691489434], [-1.082442748942114], [-2.0228389903026263], [-0.4485637961043166]], [[0.8332166006657528]]]}}, {"fitness": 3.1000000000000014, "brain": {"layer_sizes": [4, 6, 1], "weights": [[[2.227316427432325, 2.2148596978757045, 1.7131480406295831, 0.3599897155658519], [5.223851159993271, -1.2322715025498328, -0.24730553122205423, 2.5421467138958316], [-1.7309107196615265, 1.177336021119975, 2.6493777626467905, 1.4921372628913516], [-0.2031688300591804, -1.0223766871516693, 2.1447745162067346, 2.0732607912564105], [-0.15797555014071343, -2.254893998465019, -0.2005825215040663, -0.5061332739027702], [4.055853155415959, -0.3351552453990939, 0.5929961337008955, -1.9752935618128311]], [[1.4011080116937586, 0.06409925551488638, 0.14035852804245375, -2.8584690874790293, 2.137933882873454, 0.667341018651725]]], "biases": [[[-2.699892818990268], [-1.7695979474308339], [-5.141072616832954], [-1.082442748942114], [1.259002108286079], [-0.42487032665831215]], [[0.8332166006657528]]]}}, {"fitness": 3.1000000000000014, "brain": {"layer_sizes": [4, 6, 1], "weights": [[[0.8049800468833654, 2.2845500618256764, 2.4940595241264276, -0.11788630646491716], [6.11349049509473, -1.2322715025498328, 1.5629731344361781, 0.675077365744238], [-0.7354462856431957, 0.7069480553122854, 2.6493777626467905, 0.6685209998108113], [-0.2031688300591804, 1.1262297406466804, 2.3431235860851842, 2.020581060088887], [-0.43717514974762883, -1.5064472078820783, -1.4059366496835919, -0.5061332739027702], [1.2541994300793133, 0.02602000872013821, 0.38455701522418084, -1.5532057984959615]], [[0.8962299529364395, 0.06409925551488638, 1.019737575033189, -1.8969449313948035, 1.3810475147606904, 1.7883734591772482]]], "biases": [[[-2.527177562808293], [-0.8206128982356601], [-3.2392594691489434], [-1.082442748942114], [-2.0228389903026263], [-0.31124407541620336]], [[2.0293559043743516]]]}}, {"fitness": 2.9000000000000012, "brain": {"layer_sizes": [4, 6, 1], "weights": [[[2.227316427432325, 2.2845500618256764, 0.8456210708833973, 0.5993209550540489], [4.439985889928738, -1.2322715025498328, -0.24730553122205423, 0.675077365744238], [-1.7309107196615265, 0.8428859293880534, 2.439409608863385, 0.6685209998108113], [-0.2031688300591804, 2.566034669437607, 2.5829891233711026, 3.7335603424294095], [-0.15797555014071343, -2.070363362472619, -0.2005825215040663, -0.5061332739027702], [2.5058676330167993, -0.03171602305940735, 0.38455701522418084, 1.09913886027869]], [[2.200005030742342, -0.7315574056392612, 0.3492356712718082, -4.108739469940112, 1.993506749627391, 0.667341018651725]]], "biases": [[[-2.5203375009531017], [-2.288494528439754], [-2.5394788466450047], [-1.082442748942114], [-2.0228389903026263], [-0.4485637961043166]], [[0.8332166006657528]]]}}, {"fitness": 13.09999999999997, "brain": {"layer_sizes": [4, 6, 1], "weights": [[[2.227316427432325, 2.2845500618256764, 1.7131480406295831, 0.5993209550540489], [4.027986715315986, -1.2322715025498328, -0.24730553122205423, 0.7961566655460288], [-2.525230927344484, -0.09355151131928818, 2.6493777626467905, 0.6685209998108113], [-0.2031688300591804, 1.1262297406466804, 2.3431235860851842, 2.020581060088887], [-0.2602600590330155, -1.5064472078820783, -0.1788914064718523, -0.5061332739027702], [2.5058676330167993, -0.3351552453990939, 0.38455701522418084, -1.5532057984959615]], [[1.3034195260249715, 0.8695200001512295, 1.019737575033189, -3.336659014325339, 1.993506749627391, 0.667341018651725]]], "biases": [[[-1.0853045677898443], [-0.8206128982356601], [-3.2392594691489434], [-1.082442748942114], [-2.0228389903026263], [-0.5170537984723713]], [[0.8332166006657528]]]}}, {"fitness": 2.9000000000000012, "brain": {"layer_sizes": [4, 6, 1], "weights": [[[2.227316427432325, 2.2845500618256764, 1.7131480406295831, 0.5993209550540489], [5.390951337396772, -0.7867837254441787, -0.24730553122205423, 0.9802018059508614], [-1.1159987732885135, 0.6580069959596939, 2.6493777626467905, 0.6685209998108113], [0.8016593889206155, 1.1262297406466804, 2.3431235860851842, 2.020581060088887], [1.3940383606294837, -1.5064472078820783, -0.2005825215040663, -1.28457503348397], [1.8007609384609384, -0.3351552453990939, 0.38455701522418084, -1.5532057984959615]], [[2.03508990794779, 0.06409925551488638, 1.019737575033189, -6.456635635241077, 1.993506749627391, 0.667341018651725]]], "biases": [[[-2.8324958376445237], [-1.2919296345354947], [-2.40978310490146], [-1.082442748942114], [-2.0228389903026263], [-0.4485637961043166]], [[2.3345756253679344]]]}}, {"fitness": 2.9000000000000012, "brain": {"layer_sizes": [4, 6, 1], "weights": [[[-0.9461747773523341, 2.992311179811817, 1.2237247329798429, 0.5993209550540489], [5.61194614431764, -2.3190301222593734, -0.24730553122205423, 1.1408271315585157], [-2.7515480892158077, 0.6580069959596939, 2.898486673031492, -0.25585125336597536], [-0.2031688300591804, 1.1262297406466804, 2.4951383100782762, 1.6512075749878958], [-0.15797555014071343, -3.217607674866233, 0.42867081384202466, -0.5324450918578022], [2.5058676330167993, -0.5742372378503626, -1.0979122428502601, -3.0671071745921052]], [[2.200005030742342, 0.06409925551488638, 1.019737575033189, -3.8038170958060626, 1.9658391562152242, 1.0278141626981254]]], "biases": [[[-2.699892818990268], [0.6823217101744842], [-3.2392594691489434], [-1.082442748942114], [-1.9851052773883326], [-0.4485637961043166]], [[-0.5424560538929718]]]}}, {"fitness": 13.09999999999997,